{
  "loss_history": {
    "train": [
      6.224548038482666,
      3.7799470558166504,
      3.182490728378296,
      2.865050556182861,
      2.6751766471862792,
      2.385012794494629,
      2.244050539016724,
      2.170406448364258,
      2.138495761871338,
      2.030921895980835,
      1.9737006168365478,
      1.9524501428604126,
      1.8971773614883423,
      1.870323221206665,
      1.8545041646957396,
      1.873936092376709,
      1.8425847702026368,
      1.8413731784820557,
      1.797951063156128,
      1.8077393360137939,
      1.7981359481811523,
      1.806491262435913,
      1.816574070930481,
      1.7378461399078369,
      1.7215939445495605,
      1.7496977186203002,
      1.7691861457824707,
      1.770968355178833,
      1.7455741930007935,
      1.7396592407226563,
      1.754578200340271,
      1.7541957712173462,
      1.7539794368743897,
      1.7666473932266236,
      1.763174153327942,
      1.7652156457901,
      1.7565278406143188,
      1.770030792236328,
      1.7606434841156007,
      1.718354001045227,
      1.7498481168746949,
      1.7241407794952393,
      1.7455565738677978,
      1.7509708223342895,
      1.7875086536407472,
      1.7564104232788087,
      1.729976689338684,
      1.7256459274291993,
      1.7328729124069213,
      1.7875728092193603
    ],
    "val": [
      4.309035442897252,
      3.121836588723319,
      2.6825613158089774,
      2.5117485359736853,
      2.4454188755580355,
      1.9498881210599628,
      1.9633176640101841,
      2.115892947060721,
      1.8942935616629464,
      1.8105825873783656,
      1.8609452853884016,
      1.7819146639960153,
      1.70809898853302,
      1.6915563317707607,
      1.8403683710098266,
      1.7364933334078108,
      1.6584963021959578,
      1.6704168442317417,
      1.6887140832628522,
      1.6789315032958985,
      1.7344290726525442,
      1.683527171271188,
      1.612641384942191,
      1.6126792866843087,
      1.6307497099467687,
      1.641846422467913,
      1.6142432280949184,
      1.6251571709769113,
      1.6824049704415458,
      1.6743930298941476,
      1.5735105841500419,
      1.5623620278494699,
      1.5947110353197371,
      1.6075278908865793,
      1.6045885467529297,
      1.6044634580612183,
      1.6430920478275843,
      1.6180199221202305,
      1.6580028200149537,
      1.606859495299203,
      1.6984647083282471,
      1.632285156931196,
      1.5438360432216098,
      1.656480462891715,
      1.7625160203661236,
      1.6730922317504884,
      1.5697510385513305,
      1.567490224157061,
      1.676976100376674,
      1.5990299422400338
    ]
  },
  "metrics": {
    "train": {
      "mse": 1.422058747291565,
      "accuracy": 0.7284343153775408
    },
    "val": {
      "mse": 1.5438360432216098,
      "accuracy": 0.7265400952151688
    },
    "test": {
      "mse": 1.5206050221125285,
      "accuracy": 0.7196486820691032
    }
  },
  "gene_mse": 768921024.0
}